Name,Phone Number,Email Address
Debra Martin,202-555-0147,Debra@helpinghands.cm
Barbara Jones,202-555-0148,Barbara@helpinghands.cm
Ryan Mitchell,202-555-0149,Ryan@helpinghands.cm
Roger Clark,202-555-0150,Roger@helpinghands.cm
Anne Powell,202-555-0151,Anne@helpinghands.cm
Jacqueiline Patterson,202-555-0152,Jacqueiline@helpinghands.cm
Lawrence Watson,202-555-0153,Lawrence@helpinghands.cm
Denise Bell,202-555-0154,Denise@helpinghands.cm
Benjamin Ross,202-555-0155,Benjamin@helpinghands.cm
Rene  Jefferson,202-555-0156,Rene@helpinghands.cm
Eric Carpenter,202-555-0157,Eric@helpinghands.cm
Ctis Ball,202-555-0158,Ctis@helpinghands.cm
Aubrey Farmer,202-555-0159,Aubrey@helpinghands.cm
Myrtle Wright,202-555-0160,Myrtle@helpinghands.cm
Alvin Mendoza,202-555-0161,Alvin@helpinghands.cm
Katie Joseph,202-555-0162,Katie@helpinghands.cm
Wanda Maxwell,202-555-0163,Wanda@helpinghands.cm
Wesley Briggs,202-555-0164,Wesley@helpinghands.cm
Erbestine Howard,202-555-0165,Erbestine@helpinghands.cm
Pura Vincent,202-555-0166,Pura@helpinghands.cm
Keila Seals,202-555-0167,Keila@helpinghands.cm
Sol Ledoux,202-555-0168,Sol@helpinghands.cm
Ty Bingham,202-555-0169,Ty@helpinghands.cm
Rosina Jeffrey,202-555-0170,Rosina@helpinghands.cm
Illa Covey,202-555-0171,Illa@helpinghands.cm
Lesley Chance,202-555-0172,Lesley@helpinghands.cm
Filomena Skinner,202-555-0173,Filomena@helpinghands.cm
Rea Ashcraft,202-555-0174,Rea@helpinghands.cm
Brianna Landis,202-555-0175,Brianna@helpinghands.cm
